<assembly xmlns="http://maven.apache.org/ASSEMBLY/2.1.0"
          xmlns:xsi="http://www.w3.org/2001/XMLSchema-instance"
          xsi:schemaLocation="http://maven.apache.org/ASSEMBLY/2.1.0 http://maven.apache.org/xsd/assembly-2.1.0.xsd">
    <id>assets</id>
    <formats>
        <format>tar.gz</format>
        <format>zip</format>
    </formats>
    <fileSets>
        <fileSet>
            <directory>${project.basedir}</directory>
            <outputDirectory/>
            <includes>
                <include>README*</include>
                <include>LICENSE*</include>
                <include>NOTICE*</include>
            </includes>
        </fileSet>
        <fileSet>
            <directory>${project.basedir}/assets</directory>
            <filtered>true</filtered>
            <outputDirectory/>
            <includes>
                <include>logviewer.sh</include>
                <include>logviewer.cmd</include>
            </includes>
            <fileMode>0755</fileMode>
        </fileSet>
        <fileSet>
            <directory>${project.basedir}/assets</directory>
            <filtered>false</filtered>
            <outputDirectory/>
            <includes>
                <include>config.conf</include>
                <include>logback.xml</include>
            </includes>
            <fileMode>0644</fileMode>
        </fileSet>
        <fileSet>
            <directory>${project.basedir}/assets/etc</directory>
            <filtered>true</filtered>
            <outputDirectory>etc</outputDirectory>
            <fileMode>0644</fileMode>
        </fileSet>
    </fileSets>
    <dependencySets>
        <dependencySet>
            <outputDirectory>lib</outputDirectory>
            <useProjectArtifact>true</useProjectArtifact>
            <scope>runtime</scope>
        </dependencySet>
    </dependencySets>
</assembly>